Date,Close,Volume
2008-06-30,3676.123,151061096.0
2008-07-01,3629.762,139276831.0
2008-07-02,3658.48,158682126.0
2008-07-03,3831.784,306497470.0
2008-07-04,3818.515,260848799.0
2008-07-07,4000.546,342960644.0
2008-07-08,4076.039,371001627.0
2008-07-09,4178.066,422900782.0
2008-07-10,4137.568,441883385.0
2008-07-11,4068.719,319078363.0
2008-07-14,4123.679,281956893.0
2008-07-15,3999.477,353390993.0
2008-07-16,3873.37,300100904.0
2008-07-17,3851.274,241620295.0
2008-07-18,3933.699,249485736.0
2008-07-21,4090.203,361915793.0
2008-07-22,4097.392,306490452.0
2008-07-23,4048.246,311429618.0
2008-07-24,4132.625,300361618.0
2008-07-25,4114.519,300864134.0
2008-07-28,4140.414000000002,261359715.0
2008-07-29,4085.691,228593984.0
2008-07-30,4072.91,194846887.0
2008-07-31,3969.239,204273833.0
2008-08-01,4006.275,205181820.0
2008-08-04,3895.833,142278982.0
2008-08-05,3788.372,168780394.0
2008-08-06,3805.553,157647452.0
2008-08-07,3793.446,152210541.0
2008-08-08,3610.726,206574254.0
2008-08-11,3428.516,181723887.0
2008-08-12,3397.1940000000004,159468397.0
2008-08-13,3422.829,179547696.0
2008-08-14,3457.605,140201341.0
2008-08-15,3458.691,142753471.0
2008-08-18,3286.763,142531763.0
2008-08-19,3330.236,140000736.0
2008-08-20,3560.598,259495477.0
2008-08-21,3433.01,218183119.0
2008-08-22,3343.341,149399712.0
2008-08-25,3332.522,111813268.0
2008-08-26,3206.255,152721928.0
2008-08-27,3147.472,138540148.0
2008-08-28,3133.486,127394673.0
2008-08-29,3199.734000000001,164161095.0
2008-09-01,3044.582000000001,133086658.0
2008-09-02,2982.577,115769135.0
2008-09-03,2918.639,146281203.0
2008-09-04,2955.274000000001,127947296.0
2008-09-05,2864.567,143645379.0
2008-09-08,2741.519,154164369.0
2008-09-09,2750.806,120953493.0
2008-09-10,2755.878,125340977.0
2008-09-11,2724.095,131436837.0
2008-09-12,2758.989,110894258.0
2008-09-16,2726.269,148557427.0
2008-09-17,2667.763,143608770.0
2008-09-18,2574.127,255215026.0
2008-09-19,2824.151,272496969.0
2008-09-22,2925.888,571567000.0
2008-09-23,2736.591,306752854.0
2008-09-24,2747.241,216367305.0
2008-09-25,2826.259,315944589.0
2008-09-26,2838.735,249623054.0
2008-10-06,2716.986,194080712.0
2008-10-07,2721.092,190774272.0
2008-10-08,2642.167,159704507.0
2008-10-09,2600.9970000000008,146734033.0
2008-10-10,2444.541,212797568.0
2008-10-13,2469.534,208469946.0
2008-10-14,2392.917,264013718.0
2008-10-15,2348.419,166869344.0
2008-10-16,2230.758,225444440.0
2008-10-17,2238.986,151459723.0
2008-10-20,2300.596,177789913.0
2008-10-21,2326.311,223599347.0
2008-10-22,2308.98,176701757.0
2008-10-23,2323.652,156189552.0
2008-10-24,2299.923,150066208.0
2008-10-27,2158.311,185489584.0
2008-10-28,2230.422,195535296.0
2008-10-29,2173.974,195817920.0
2008-10-30,2210.627,183773824.0
2008-10-31,2201.019,134478272.0
2008-11-03,2198.9,117022584.0
2008-11-04,2162.328,131458568.0
2008-11-05,2225.422,212608640.0
2008-11-06,2179.319,155080224.0
2008-11-07,2177.539,195415376.0
2008-11-10,2320.474,391253600.0
2008-11-11,2291.378,387124224.0
2008-11-12,2282.613,290744640.0
2008-11-13,2383.222,0.0
2008-11-14,2516.835,625222720.0
2008-11-17,2628.669000000001,615855040.0
2008-11-18,2437.97,731910720.0
2008-11-19,2598.843,569457472.0
2008-11-20,2577.945,601352832.0
2008-11-21,2517.586,519360800.0
2008-11-24,2462.395,363886112.0
2008-11-25,2472.454,299786720.0
2008-11-26,2473.54,250386032.0
2008-11-27,2542.32,0.0
2008-11-28,2574.035,348806816.0
2008-12-01,2643.976,426895008.0
2008-12-02,2696.9770000000008,681704704.0
2008-12-03,2809.053,771991744.0
2008-12-04,2828.153,962935488.0
2008-12-05,2884.656,637981440.0
2008-12-08,2999.955,813194368.0
2008-12-09,2958.508,696850176.0
2008-12-10,3031.563,656044288.0
2008-12-11,2924.8190000000004,566663232.0
2008-12-12,2790.8540000000007,528827360.0
2008-12-15,2823.731,387059232.0
2008-12-16,2900.057,378734688.0
2008-12-17,2943.234000000001,494896480.0
2008-12-18,2989.572,454792832.0
2008-12-19,3036.57,547540288.0
2008-12-22,3061.068,580175744.0
2008-12-23,2885.965,636707584.0
2008-12-24,2819.648,471176448.0
2008-12-25,2841.116,356470080.0
2008-12-26,2867.151,385969312.0
2008-12-29,2864.3140000000008,359985568.0
2008-12-30,2876.1,363623456.0
2008-12-31,2863.99,360421216.0
2009-01-05,2946.436,437301408.0
2009-01-06,2981.815,618185792.0
2009-01-07,2992.996,522696032.0
2009-01-08,2932.491,453200608.0
2009-01-09,3013.6,527414016.0
2009-01-12,3043.806,683219072.0
2009-01-13,2945.488,518304736.0
2009-01-14,3058.07,502568832.0
2009-01-15,3066.521,628696768.0
2009-01-16,3071.276,673235456.0
2009-01-19,3067.927,477436768.0
2009-01-20,3102.774000000001,376280736.0
2009-01-21,3038.831,613152064.0
2009-01-22,3078.822,496517408.0
2009-01-23,3059.426,435848160.0
2009-02-02,3127.152,444507392.0
2009-02-03,3188.55,634592448.0
2009-02-04,3242.2470000000008,729926080.0
2009-02-05,3174.558,771469248.0
2009-02-06,3301.935,783671680.0
2009-02-09,3422.941,945373248.0
2009-02-10,3486.121,830308800.0
2009-02-11,3490.004000000001,975182784.0
2009-02-12,3518.955,773902720.0
2009-02-13,3632.164,885821760.0
2009-02-16,3655.953,892799424.0
2009-02-17,3548.796,869755584.0
2009-02-18,3412.607,710865664.0
2009-02-19,3480.8740000000007,581936384.0
2009-02-20,3583.326,612534080.0
2009-02-23,3675.781,723513088.0
2009-02-24,3512.206,836883840.0
2009-02-25,3492.21,684460288.0
2009-02-26,3283.597,735282496.0
2009-02-27,3187.717,622825728.0
2009-03-02,3246.772,467300416.0
2009-03-03,3254.304,530893952.0
2009-03-04,3440.931,734095040.0
2009-03-05,3441.571,798691776.0
2009-03-06,3436.158,639258048.0
2009-03-09,3304.051,661306240.0
2009-03-10,3362.1220000000008,455312640.0
2009-03-11,3328.485,501000992.0
2009-03-12,3326.025,474107328.0
2009-03-13,3330.04,470891648.0
2009-03-16,3364.475,359873024.0
2009-03-17,3484.185,631562880.0
2009-03-18,3525.9,791453632.0
2009-03-19,3594.929,675440192.0
2009-03-20,3588.388,705586688.0
2009-03-23,3655.086,781792512.0
2009-03-24,3681.457,765793344.0
2009-03-25,3609.182,662468544.0
2009-03-26,3681.999,653587200.0
2009-03-27,3712.679,823094272.0
2009-03-30,3707.19,717540800.0
2009-03-31,3747.492,661433856.0
2009-04-01,3816.436,885620032.0
2009-04-02,3882.307,916366016.0
2009-04-03,3868.745,862948736.0
2009-04-07,3890.155,640932096.0
2009-04-08,3777.348,721850560.0
2009-04-09,3829.828,607900032.0
2009-04-10,3973.584,855012288.0
2009-04-13,4062.184,868853312.0
2009-04-14,4126.036,875743936.0
2009-04-15,4146.210999999998,888368000.0
2009-04-16,4144.936,876338624.0
2009-04-17,4081.76,876682112.0
2009-04-20,4196.897,702614016.0
2009-04-21,4196.679,802464256.0
2009-04-22,4000.699,904511104.0
2009-04-23,4024.727,634372928.0
2009-04-24,4039.209,663670976.0
2009-04-27,3889.426,604865792.0
2009-04-28,3900.381,521907968.0
2009-04-29,3982.051,615572928.0
2009-04-30,4030.396,622146304.0
2009-05-04,4147.893,688058752.0
2009-05-05,4175.751,749679936.0
2009-05-06,4274.564,807010304.0
2009-05-07,4253.008,883823936.0
2009-05-08,4204.582,719510272.0
2009-05-11,4051.4,745330816.0
2009-05-12,4135.019,475256352.0
2009-05-13,4195.349,664107200.0
2009-05-14,4187.925,598159744.0
2009-05-15,4229.919,544110720.0
2009-05-18,4243.324000000001,507994368.0
2009-05-19,4266.124,696887168.0
2009-05-20,4270.243,677926208.0
2009-05-21,4192.179,661027264.0
2009-05-22,4175.683,595435136.0
2009-05-25,4200.4670000000015,687222976.0
2009-05-26,4211.779,700860288.0
2009-05-27,4209.59,501420384.0
2009-06-01,4269.227,595147072.0
2009-06-02,4279.922000000001,711165440.0
2009-06-03,4290.504,705921920.0
2009-06-04,4279.710999999998,756450688.0
2009-06-05,4271.272,666150208.0
2009-06-08,4223.223,600837504.0
2009-06-09,4271.12,590375360.0
2009-06-10,4321.752,569744896.0
2009-06-11,4304.545,535468480.0
2009-06-12,4215.795,564246336.0
2009-06-15,4298.501,509516576.0
2009-06-16,4305.752,484861760.0
2009-06-17,4345.893,570039424.0
2009-06-18,4385.016,657821376.0
2009-06-19,4347.792,682834560.0
2009-06-22,4335.144,681621440.0
2009-06-23,4307.73,551961984.0
2009-06-24,4367.875,579459200.0
2009-06-25,4370.524,591185216.0
2009-06-26,4367.504,500233888.0
2009-06-29,4370.523,549783424.0
2009-06-30,4363.723,617611456.0
2009-07-01,4398.169,638468096.0
2009-07-02,4450.114000000001,716863424.0
2009-07-03,4446.811,662168448.0
2009-07-06,4441.082,685705792.0
2009-07-07,4458.18,723278720.0
2009-07-08,4492.075,653222144.0
2009-07-09,4597.003,819376640.0
2009-07-10,4596.205,776004416.0
2009-07-13,4630.116,804062272.0
2009-07-14,4708.334,769518848.0
2009-07-15,4707.915,839018624.0
2009-07-16,4679.308,919163008.0
2009-07-17,4688.121,735203904.0
2009-07-20,4793.683,1047152448.0
2009-07-21,4649.765,892050112.0
2009-07-22,4710.944,801507648.0
2009-07-23,4729.196,782995520.0
2009-07-24,4678.208,785090176.0
2009-07-27,4765.527,845391616.0
2009-07-28,4876.562,1175167488.0
2009-07-29,4587.202,1085353690.0
2009-07-30,4642.83,862180224.0
2009-07-31,4766.899,847962240.0
2009-08-03,4847.931,996055232.0
2009-08-04,4913.073,1061492928.0
2009-08-05,4956.867,1084387840.0
2009-08-06,4929.8809999999985,1061680768.0
2009-08-07,4768.951,834358016.0
2009-08-10,4811.107,707067328.0
2009-08-11,4847.583,586428352.0
2009-08-12,4613.735,647960832.0
2009-08-13,4610.545,556410432.0
2009-08-14,4433.959,621800000.0
2009-08-17,4125.019,593569472.0
2009-08-18,4196.624,439753312.0
2009-08-19,4021.071,513095840.0
2009-08-20,4170.453,457676512.0
2009-08-21,4276.452,552315904.0
2009-08-24,4384.152,591810240.0
2009-08-25,4313.161,688378880.0
2009-08-26,4442.278,607243136.0
2009-08-27,4480.769,673061120.0
2009-08-28,4361.227,520864864.0
2009-08-31,4076.519,529499968.0
2009-09-01,4063.253,405380256.0
2009-09-02,4071.175,335939008.0
2009-09-03,4262.9670000000015,496646528.0
2009-09-04,4319.179,526902400.0
2009-09-07,4413.937,664164736.0
2009-09-08,4505.156,630868992.0
2009-09-09,4544.308,649836032.0
2009-09-10,4495.856,500807936.0
2009-09-11,4583.03,542548800.0
2009-09-14,4667.73,714922304.0
2009-09-15,4727.328,751260672.0
2009-09-16,4726.99,788425664.0
2009-09-17,4850.146,922757952.0
2009-09-18,4698.32,987936640.0
2009-09-21,4796.985,750316224.0
2009-09-22,4729.458,674947520.0
2009-09-23,4570.436,574816832.0
2009-09-24,4520.799,495236576.0
2009-09-25,4503.6709999999985,362161824.0
2009-09-28,4450.572,420412064.0
2009-09-29,4385.8290000000015,393819296.0
2009-09-30,4436.645,338579040.0
2009-10-09,4663.348,438963008.0
2009-10-12,4655.379,472609728.0
2009-10-13,4703.417,401536800.0
2009-10-14,4692.302,549981504.0
2009-10-15,4679.757000000001,443096128.0
2009-10-16,4685.353,472816192.0
2009-10-19,4784.237,573855808.0
2009-10-20,4850.904,769588800.0
2009-10-21,4783.927,658986048.0
2009-10-22,4778.7840000000015,565508672.0
2009-10-23,4845.753,725343680.0
2009-10-26,4881.149,725061888.0
2009-10-27,4760.2559999999985,763009472.0
2009-10-28,4804.137,597662144.0
2009-10-29,4745.378,592240832.0
2009-10-30,4792.926,612468352.0
2009-11-02,4958.509,756054912.0
2009-11-03,5054.334,887465536.0
2009-11-04,5103.61,889874880.0
2009-11-05,5121.973,778011712.0
2009-11-06,5131.404,877499008.0
2009-11-09,5154.363,722913792.0
2009-11-10,5157.604,669126208.0
2009-11-11,5169.766,619792384.0
2009-11-12,5226.878,719499968.0
2009-11-13,5322.96,755854848.0
2009-11-16,5422.991999999998,977573440.0
2009-11-17,5431.25,744028544.0
2009-11-18,5444.7930000000015,724956096.0
2009-11-19,5519.665,804763136.0
2009-11-20,5521.601,815541056.0
2009-11-23,5617.974,785197952.0
2009-11-24,5342.975,1178877440.0
2009-11-25,5512.404,893690304.0
2009-11-26,5262.991,1012934784.0
2009-11-27,5174.463,728292608.0
2009-11-30,5408.312,697811392.0
2009-12-01,5537.382,848549056.0
2009-12-02,5589.203,905517632.0
2009-12-03,5610.794,745024384.0
2009-12-04,5503.973000000001,939022080.0
2009-12-07,5595.6190000000015,630153984.0
2009-12-08,5570.411,654053568.0
2009-12-09,5485.842,508283744.0
2009-12-10,5533.4180000000015,435084640.0
2009-12-11,5531.41,433202304.0
2009-12-14,5538.348000000001,505557600.0
2009-12-15,5545.2440000000015,500314848.0
2009-12-16,5506.294,468384672.0
2009-12-17,5364.289000000002,516897824.0
2009-12-18,5207.226,502651296.0
2009-12-21,5238.235,332828320.0
2009-12-22,5142.384,444960384.0
2009-12-23,5255.877,412415584.0
2009-12-24,5437.155,597433408.0
2009-12-25,5448.973000000001,501298208.0
2009-12-28,5545.741999999998,566976192.0
2009-12-29,5603.748000000001,592633920.0
2009-12-30,5591.0059999999985,634839168.0
2009-12-31,5631.758000000002,545582720.0
2010-01-04,5637.455,607853760.0
2010-01-05,5694.549,687191936.0
2010-01-06,5682.515,606678953.0
2010-01-07,5542.696,661528320.0
2010-01-08,5582.576999999998,485125504.0
2010-01-11,5591.206,651181568.0
2010-01-12,5719.933000000001,764090111.0
2010-01-13,5663.8719999999985,803558208.0
2010-01-14,5805.48,806563776.0
2010-01-15,5867.641,712108608.0
2010-01-18,5940.176,642559168.0
2010-01-19,5907.210999999998,650985152.0
2010-01-20,5676.959,807480000.0
2010-01-21,5696.691999999999,546370048.0
2010-01-22,5546.071,648591616.0
2010-01-25,5486.108,396965728.0
2010-01-26,5357.462,498613088.0
2010-01-27,5308.0459999999985,393344320.0
2010-01-28,5383.965,380780512.0
2010-01-29,5437.427,434697536.0
2010-02-01,5335.210999999998,428259104.0
2010-02-02,5299.596,406029376.0
2010-02-03,5381.761,459473280.0
2010-02-04,5369.634,429918272.0
2010-02-05,5269.245,428482848.0
2010-02-08,5272.914000000002,283584224.0
2010-02-09,5284.018,258079520.0
2010-02-10,5360.553000000001,254156848.0
2010-02-11,5355.429,232558720.0
2010-02-12,5436.517,239106896.0
2010-02-22,5412.955,273660320.0
2010-02-23,5430.76,334683968.0
2010-02-24,5554.2440000000015,464818048.0
2010-02-25,5652.1709999999985,578679168.0
2010-02-26,5660.489000000001,522661696.0
2010-03-01,5723.48,479726400.0
2010-03-02,5732.683000000001,541199808.0
2010-03-03,5792.34,654115776.0
2010-03-04,5611.221,693855168.0
2010-03-05,5604.17,415676608.0
2010-03-08,5670.77,409263616.0
2010-03-09,5669.553000000001,441853376.0
2010-03-10,5612.815,445899328.0
2010-03-11,5577.96,360103008.0
2010-03-12,5489.164000000002,321796416.0
2010-03-15,5436.191999999999,276419200.0
2010-03-16,5477.5059999999985,252311440.0
2010-03-17,5623.08,412118080.0
2010-03-18,5612.68,453959776.0
2010-03-19,5652.578,436855840.0
2010-03-22,5681.599,490469600.0
2010-03-23,5664.158,447777504.0
2010-03-24,5688.706,491074208.0
2010-03-25,5624.395,443208352.0
2010-03-26,5700.083000000001,417748800.0
2010-03-29,5750.719,555992320.0
2010-03-30,5806.978,537511488.0
2010-03-31,5829.449000000001,548081664.0
2010-04-01,5922.597,657803968.0
2010-04-02,5945.901999999999,627567296.0
2010-04-06,5938.025,553484160.0
2010-04-07,5968.441999999999,593606464.0
2010-04-08,5978.708000000001,613577024.0
2010-04-09,6092.071999999999,682382656.0
2010-04-12,6156.137,842988608.0
2010-04-13,6057.48,874013184.0
2010-04-14,6108.889,636696064.0
2010-04-15,6033.523,601460608.0
2010-04-16,6045.675,459792256.0
2010-04-19,5823.501,669784064.0
2010-04-20,5879.563,628825600.0
2010-04-21,6074.505,799173824.0
2010-04-22,6109.616999999998,884847360.0
2010-04-23,6047.323,751968832.0
2010-04-26,6078.245,650011008.0
2010-04-27,5913.656999999998,666632832.0
2010-04-28,5912.179,520827776.0
2010-04-29,5741.833000000001,643428672.0
2010-04-30,5602.974,619312960.0
2010-05-04,5590.526,400495936.0
2010-05-05,5752.047,560373824.0
2010-05-06,5582.474,658828352.0
2010-05-07,5471.124,586873920.0
2010-05-10,5335.771,551009024.0
2010-05-11,5211.742,544956992.0
2010-05-12,5092.835,462796896.0
2010-05-13,5261.022,463624736.0
2010-05-14,5296.099,484650848.0
2010-05-17,5027.91,397653504.0
2010-05-18,5089.222,491474496.0
2010-05-19,5132.607,479239712.0
2010-05-20,5083.047000000001,474426528.0
2010-05-21,5218.364000000001,570502976.0
2010-05-24,5419.221,770501248.0
2010-05-25,5353.3,607566272.0
2010-05-26,5344.541,449385216.0
2010-05-27,5442.057,581242624.0
2010-05-28,5450.838000000002,571731712.0
2010-05-31,5312.924,562089920.0
2010-06-01,5233.722,553820096.0
2010-06-02,5290.491,395873472.0
2010-06-03,5281.248000000001,526251680.0
2010-06-04,5365.1590000000015,492735296.0
2010-06-07,5364.218000000002,562117888.0
2010-06-08,5415.225,600816000.0
2010-06-09,5548.441999999999,731283072.0
2010-06-10,5566.135,640439680.0
2010-06-11,5514.792,542412864.0
2010-06-17,5409.847,494895488.0
2010-06-18,5198.089,617691776.0
2010-06-21,5313.17,539808960.0
2010-06-22,5371.5790000000015,520575360.0
2010-06-23,5379.564,500910240.0
2010-06-24,5372.4540000000015,381280832.0
2010-06-25,5263.8780000000015,443936352.0
2010-06-28,5199.264,337779008.0
2010-06-29,4929.459,546404672.0
2010-06-30,4880.681,424018048.0
2010-07-01,4786.958,368146656.0
2010-07-02,4740.161,478720160.0
2010-07-05,4726.57,334710272.0
2010-07-06,4863.215,454903616.0
2010-07-07,4927.8420000000015,411420320.0
2010-07-08,4906.455,397365408.0
2010-07-09,5043.199000000001,575481984.0
2010-07-12,5074.206,538494976.0
2010-07-13,5026.496,506512512.0
2010-07-14,5028.837,494438592.0
2010-07-15,4922.894,416400672.0
2010-07-16,4924.294,369822912.0
2010-07-19,5040.439,477463072.0
2010-07-20,5202.943,788054336.0
2010-07-21,5208.424,793840768.0
2010-07-22,5271.348000000001,649538816.0
2010-07-23,5287.148,616923968.0
2010-07-26,5365.135,662125440.0
2010-07-27,5372.026999999999,588565376.0
2010-07-28,5505.106,859523264.0
2010-07-29,5508.057,834583168.0
2010-07-30,5495.755,708961664.0
2010-08-02,5611.644,811763392.0
2010-08-03,5504.449000000001,787247680.0
2010-08-04,5540.324000000001,713929984.0
2010-08-05,5588.145,833048128.0
2010-08-06,5703.749,897114688.0
2010-08-09,5777.606,856291136.0
2010-08-10,5576.901,916121920.0
2010-08-11,5638.679,598365440.0
2010-08-12,5597.166,716002432.0
2010-08-13,5717.664000000002,637250304.0
2010-08-16,5880.69,896313472.0
2010-08-17,5954.686,888727616.0
2010-08-18,5964.663000000001,791232896.0
2010-08-19,5965.575,918962560.0
2010-08-20,5809.469,803431104.0
2010-08-23,5857.605,750763712.0
2010-08-24,5939.676,779649344.0
2010-08-25,5830.502,697856960.0
2010-08-26,5871.945,686648128.0
2010-08-27,5950.344,573890816.0
2010-08-30,6131.59,824796864.0
2010-08-31,6182.489000000001,924447936.0
2010-09-01,6124.545,1069533504.0
2010-09-02,6194.248000000001,932436672.0
2010-09-03,6216.163000000001,979079552.0
2010-09-06,6196.018,964689280.0
2010-09-07,6218.346,782414016.0
2010-09-08,6288.691,756925504.0
2010-09-09,6212.151999999999,1019140224.0
2010-09-10,6307.387,885566784.0
2010-09-13,6440.989000000001,955056704.0
2010-09-14,6475.209,987861888.0
2010-09-15,6365.449000000001,904909568.0
2010-09-16,6190.499,880300288.0
2010-09-17,6209.298000000002,681317248.0
2010-09-20,6162.169,603792000.0
2010-09-21,6169.177,467371584.0
2010-09-27,6337.584,545518464.0
2010-09-28,6305.6680000000015,581528896.0
2010-09-29,6235.839,578081280.0
2010-09-30,6332.361,487154560.0
2010-10-08,6492.4659999999985,721168256.0
2010-10-11,6467.263000000001,1078094336.0
2010-10-12,6465.464,946840768.0
2010-10-13,6517.1590000000015,1084485248.0
2010-10-14,6318.368,1186420096.0
2010-10-15,6348.835,1257543040.0
2010-10-18,6219.533,1227383168.0
2010-10-19,6442.535,947662784.0
2010-10-20,6500.991,1237478912.0
2010-10-21,6577.445,1039117760.0
2010-10-22,6665.05,954239168.0
2010-10-25,6859.055,1276513664.0
2010-10-26,6895.456,1268560768.0
2010-10-27,6829.071999999999,1212514944.0
2010-10-28,6826.241999999998,931764160.0
2010-10-29,6942.156,990835008.0
2010-11-01,7118.962,1195228160.0
2010-11-02,7028.871,1349305344.0
2010-11-03,6894.866,1006853184.0
2010-11-04,7046.199000000001,848461056.0
2010-11-05,7159.764,1021253632.0
2010-11-08,7288.04,1158207104.0
2010-11-09,7329.493,1134644736.0
2010-11-10,7375.121,1176318208.0
2010-11-11,7333.21,1294184320.0
2010-11-12,6871.385,1365796736.0
2010-11-15,7055.876,893519296.0
2010-11-16,6759.749,953364032.0
2010-11-17,6536.392,697925952.0
2010-11-18,6673.411999999998,544148800.0
2010-11-19,6898.236999999999,773725504.0
2010-11-22,7007.132,905503232.0
2010-11-23,6919.095,763711552.0
2010-11-24,7085.451,742568448.0
2010-11-25,7119.0459999999985,833584896.0
2010-11-26,7098.78,679178880.0
2010-11-29,7104.401999999999,632663232.0
2010-11-30,6936.974,923787776.0
2010-12-01,6914.812,529679456.0
2010-12-02,6941.148,606239936.0
2010-12-03,6878.835999999998,482377888.0
2010-12-06,6783.926,464874592.0
2010-12-07,6949.175,534428064.0
2010-12-08,6940.371,551994240.0
2010-12-09,6811.104,525671392.0
2010-12-10,6918.151,439369536.0
2010-12-13,7105.722,690208256.0
2010-12-14,7158.17,726203072.0
2010-12-15,7123.084,666315520.0
2010-12-16,7116.2159999999985,543638144.0
2010-12-17,7120.57,465482816.0
2010-12-20,7049.004,733797184.0
2010-12-21,7099.976,736504320.0
2010-12-22,7025.672,638772160.0
2010-12-23,6891.996,630408256.0
2010-12-24,6764.1590000000015,576744960.0
2010-12-27,6592.999,579694784.0
2010-12-28,6464.953,513666912.0
2010-12-29,6632.47,437006432.0
2010-12-30,6681.355,487437184.0
2010-12-31,6828.982,530127808.0
2011-01-04,6896.758000000002,656700352.0
2011-01-05,6865.589,638697920.0
2011-01-06,6804.593000000002,496703296.0
2011-01-07,6770.147,563112640.0
2011-01-10,6584.035,555054400.0
2011-01-11,6516.86,441202176.0
2011-01-12,6541.56,409228960.0
2011-01-13,6556.845,420547040.0
2011-01-14,6434.863,433508000.0
2011-01-17,6139.999,488930080.0
2011-01-18,6164.286,303845376.0
2011-01-19,6314.32,398339008.0
2011-01-20,6080.93,488161696.0
2011-01-21,6101.094,465941440.0
2011-01-24,5910.35,401276704.0
2011-01-25,5845.759,361565632.0
2011-01-26,5967.19,355576640.0
2011-01-27,6076.094,463748288.0
2011-01-28,6121.61,386729344.0
2011-01-31,6180.679,375192832.0
2011-02-01,6196.807,344501184.0
2011-02-09,6117.7069999999985,381503008.0
2011-02-10,6295.2040000000015,444910208.0
2011-02-11,6397.45,578445952.0
2011-02-14,6508.335,672634176.0
2011-02-15,6497.98,697051008.0
2011-02-16,6592.233,641659520.0
2011-02-17,6632.653,778778432.0
2011-02-18,6565.2930000000015,595731840.0
2011-02-21,6681.1309999999985,643833344.0
2011-02-22,6515.81,778884032.0
2011-02-23,6580.126,578121344.0
2011-02-24,6642.0459999999985,646677184.0
2011-02-25,6661.009,599739840.0
2011-02-28,6732.9940000000015,631644224.0
2011-03-01,6758.663000000001,749998720.0
2011-03-02,6719.864000000001,713606720.0
2011-03-03,6585.856,682659904.0
2011-03-04,6633.425,527464640.0
2011-03-07,6717.399,766069312.0
2011-03-08,6735.213000000002,614416448.0
2011-03-09,6760.111,575162688.0
2011-03-10,6734.333000000001,605422656.0
2011-03-11,6712.639,598285504.0
2011-03-14,6770.313,640217152.0
2011-03-15,6724.036,849322624.0
2011-03-16,6812.78,770634944.0
2011-03-17,6697.396,709618368.0
2011-03-18,6734.257,655192960.0
2011-03-21,6673.241,616635904.0
2011-03-22,6631.214,525998496.0
2011-03-23,6714.998000000001,548100224.0
2011-03-24,6707.258000000002,553523840.0
2011-03-25,6743.758000000002,627669632.0
2011-03-28,6653.061,734084544.0
2011-03-29,6499.911,716163456.0
2011-03-30,6444.911999999998,582245696.0
2011-03-31,6397.669,467321312.0
2011-04-01,6456.601,391813312.0
2011-04-06,6405.636,443875744.0
2011-04-07,6442.491999999998,497091520.0
2011-04-08,6514.463000000002,476098400.0
2011-04-11,6441.647,601646912.0
2011-04-12,6392.541,541288320.0
2011-04-13,6483.691999999999,501337792.0
2011-04-14,6465.4540000000015,525089536.0
2011-04-15,6433.799,530966592.0
2011-04-18,6428.156,594244800.0
2011-04-19,6372.791,630765888.0
2011-04-20,6398.553000000001,636728384.0
2011-04-21,6428.615,582001216.0
2011-04-22,6371.274,585187648.0
2011-04-25,6262.98,530504384.0
2011-04-26,6199.073,441521632.0
2011-04-27,6140.703,438236320.0
2011-04-28,5982.906999999998,439811328.0
2011-04-29,6050.054,336644192.0
2011-05-03,6120.37,378891936.0
2011-05-04,5980.877,437713088.0
2011-05-05,6006.906999999998,327706816.0
2011-05-06,6054.764,339349856.0
2011-05-09,6090.267,337581152.0
2011-05-10,6102.7440000000015,365856544.0
2011-05-11,6087.311,420989760.0
2011-05-12,5993.025,377613504.0
2011-05-13,6016.499,346528864.0
2011-05-16,6012.85,315452512.0
2011-05-17,6012.2159999999985,399265888.0
2011-05-18,6044.1190000000015,340334272.0
2011-05-19,6033.739000000001,416003136.0
2011-05-20,6019.849,325821664.0
2011-05-23,5830.135,447557888.0
2011-05-24,5803.425,357276544.0
2011-05-25,5707.334,360884352.0
2011-05-26,5645.018,371435040.0
2011-05-27,5532.423000000002,377073216.0
2011-05-30,5488.385,321248544.0
2011-05-31,5580.799,327770336.0
2011-06-01,5638.12,333026688.0
2011-06-02,5560.029,388756096.0
2011-06-03,5651.449000000001,344055744.0
2011-06-07,5711.265,311049792.0
2011-06-08,5716.161,361494400.0
2011-06-09,5604.776,350920864.0
2011-06-10,5604.16,328969152.0
2011-06-13,5588.076999999998,275858624.0
2011-06-14,5658.383000000002,391871424.0
2011-06-15,5597.467,345483712.0
2011-06-16,5486.554,337503008.0
2011-06-17,5439.377,326494720.0
2011-06-20,5357.125,301836736.0
2011-06-21,5423.392,338871776.0
2011-06-22,5431.758000000002,326196288.0
2011-06-23,5544.866,444544736.0
2011-06-24,5678.887,646001856.0
2011-06-27,5750.858,604095424.0
2011-06-28,5772.462,495430400.0
2011-06-29,5720.075,474372960.0
2011-06-30,5816.118,540892096.0
2011-07-01,5838.916,515450272.0
2011-07-04,5967.868,675579904.0
2011-07-05,5993.281,629081984.0
2011-07-06,6032.566999999999,584875392.0
2011-07-07,6056.592,670014848.0
2011-07-08,6039.099,484209088.0
2011-07-11,6095.026999999999,547807808.0
2011-07-12,6026.186,626200768.0
2011-07-13,6121.501,610498880.0
2011-07-14,6138.655,693642624.0
2011-07-15,6177.972,780367872.0
2011-07-18,6197.9,727200704.0
2011-07-19,6129.076,583437504.0
2011-07-20,6122.268,505428416.0
2011-07-21,6055.639,449396384.0
2011-07-22,6082.8290000000015,439921824.0
2011-07-25,5855.547,592749312.0
2011-07-26,5873.055,419409280.0
2011-07-27,5965.623000000001,485566880.0
2011-07-28,5948.311,474120832.0
2011-07-29,5878.679,471113664.0
2011-08-01,5880.733,355821920.0
2011-08-02,5852.1190000000015,453285920.0
2011-08-03,5888.8409999999985,511561856.0
2011-08-04,5920.944,497071904.0
2011-08-05,5837.373000000001,596132032.0
2011-08-08,5628.935,758745856.0
2011-08-09,5634.215,726507840.0
2011-08-10,5714.766,678405184.0
2011-08-11,5810.715,650600512.0
2011-08-12,5858.935,629316096.0
2011-08-15,5920.428000000001,564844928.0
2011-08-16,5875.985,519515008.0
2011-08-17,5838.813,407320864.0
2011-08-18,5720.181,423391328.0
2011-08-19,5689.686,438882272.0
2011-08-22,5617.224,415720864.0
2011-08-23,5687.858,405415424.0
2011-08-24,5696.191999999999,443259904.0
2011-08-25,5800.1219999999985,517490688.0
2011-08-26,5803.496,431534880.0
2011-08-29,5759.7069999999985,485190816.0
2011-08-30,5710.709,460022048.0
2011-08-31,5675.07,363367648.0
2011-09-01,5640.465,327668128.0
2011-09-02,5585.156,329006944.0
2011-09-05,5477.708000000001,327084192.0
2011-09-06,5405.071,303496928.0
2011-09-07,5514.406999999998,373128832.0
2011-09-08,5489.873000000001,357396064.0
2011-09-09,5441.758000000002,332348128.0
2011-09-13,5352.6680000000015,318612192.0
2011-09-14,5396.228,352170720.0
2011-09-15,5415.621,346952736.0
2011-09-16,5409.368,348245376.0
2011-09-19,5296.338000000002,297447136.0
2011-09-20,5296.356,363536576.0
2011-09-21,5446.682,610755264.0
2011-09-22,5298.776999999999,500614016.0
2011-09-23,5254.569,464544192.0
2011-09-26,5159.55,359890752.0
2011-09-27,5179.294,367322496.0
2011-09-28,5109.432,365863392.0
2011-09-29,4996.646,428687872.0
2011-09-30,4990.432,314807008.0
2011-10-10,4951.193,262439168.0
2011-10-11,4923.479,371742304.0
2011-10-12,5094.111,512897920.0
2011-10-13,5154.53,539075968.0
2011-10-14,5125.458,350890432.0
2011-10-17,5158.322,354442752.0
2011-10-18,5029.77,383387648.0
2011-10-19,4986.51,313991520.0
2011-10-20,4845.755,403286912.0
2011-10-21,4761.563,311365856.0
2011-10-24,4853.11,426914400.0
2011-10-25,4991.303,589895616.0
2011-10-26,5030.458,628551360.0
2011-10-27,5034.189,465875648.0
2011-10-28,5139.685,626148352.0
2011-10-31,5146.801,615485376.0
2011-11-01,5149.205,607875456.0
2011-11-02,5256.964,839432448.0
2011-11-03,5285.488,1118984320.0
2011-11-04,5320.974,722110080.0
2011-11-07,5282.794,549383616.0
2011-11-08,5219.775,494281216.0
2011-11-09,5307.471,553778752.0
2011-11-10,5247.655,633614080.0
2011-11-11,5234.944,477799072.0
2011-11-14,5359.535,623969152.0
2011-11-15,5379.334,573338752.0
2011-11-16,5229.32,622839872.0
2011-11-17,5231.154,425617952.0
2011-11-18,5086.41,507967968.0
2011-11-21,5091.117,353182560.0
2011-11-22,5072.148,370052768.0
2011-11-23,5056.7559999999985,343602240.0
2011-11-24,5060.436,364674592.0
2011-11-25,5025.687,308339872.0
2011-11-28,5030.764,307861824.0
2011-11-29,5102.024,420571456.0
2011-11-30,4919.117,516327424.0
2011-12-01,5009.449000000001,614921536.0
2011-12-02,4907.521,383070944.0
2011-12-05,4743.003,380315104.0
2011-12-06,4751.682,304404768.0
2011-12-07,4771.694,269482656.0
2011-12-08,4774.838,356259040.0
2011-12-09,4719.58,298356352.0
2011-12-12,4661.977,264442080.0
2011-12-13,4547.822,467071808.0
2011-12-14,4468.311,296336640.0
2011-12-15,4399.234,376515264.0
2011-12-16,4508.059,441377728.0
2011-12-19,4500.315,426169952.0
2011-12-20,4479.565,402076800.0
2011-12-21,4364.789000000002,361911328.0
2011-12-22,4331.155,420924640.0
2011-12-23,4350.944,398325056.0
2011-12-26,4305.486,340065728.0
2011-12-27,4201.853,353150944.0
2011-12-28,4189.723,383953344.0
2011-12-29,4209.291,349099552.0
2011-12-30,4295.862,397044768.0
2012-01-04,4181.814,387250848.0
2012-01-05,4034.5290000000014,408321760.0
2012-01-06,4042.323,403695072.0
2012-01-09,4167.504,542471040.0
2012-01-10,4339.788,760181248.0
2012-01-11,4321.276,565155456.0
2012-01-12,4299.971,510776992.0
2012-01-13,4146.568,514835712.0
2012-01-16,3986.387,358162848.0
2012-01-17,4187.766,551270720.0
2012-01-18,4062.326,545568320.0
2012-01-19,4124.6309999999985,477384768.0
2012-01-20,4210.464,435394144.0
2012-01-30,4184.388,367416832.0
2012-01-31,4188.037,287361472.0
2012-02-01,4175.301,358961472.0
2012-02-02,4252.122,371530624.0
2012-02-03,4330.386,568285312.0
2012-02-06,4369.139,552588352.0
2012-02-07,4292.981,464316416.0
2012-02-08,4416.617,572086912.0
2012-02-09,4447.219,695587072.0
2012-02-10,4460.054,579157376.0
2012-02-13,4513.718,623332032.0
2012-02-14,4513.803,555145152.0
2012-02-15,4567.384,651680384.0
2012-02-16,4539.916,667573632.0
2012-02-17,4517.567,499304192.0
2012-02-20,4528.262,617257664.0
2012-02-21,4583.17,543859776.0
2012-02-22,4694.009,931952320.0
2012-02-23,4726.8,931337344.0
2012-02-24,4772.895,907131520.0
2012-02-27,4790.465,1160169088.0
2012-02-28,4749.399,835404928.0
2012-02-29,4690.789000000002,707336640.0
2012-03-01,4709.185,573292352.0
2012-03-02,4794.896,733664384.0
2012-03-05,4781.816,791564544.0
2012-03-06,4743.686,839836800.0
2012-03-07,4747.955,952947072.0
2012-03-08,4806.259,831570368.0
2012-03-09,4902.872,866803584.0
2012-03-12,4924.447,805021632.0
2012-03-13,4972.155,754575168.0
2012-03-14,4783.792,1319398912.0
2012-03-15,4766.25,920088832.0
2012-03-16,4895.375,804830080.0
2012-03-19,4916.47,684750528.0
2012-03-20,4786.904,642211456.0
2012-03-21,4775.758,640955264.0
2012-03-22,4754.703,459666272.0
2012-03-23,4688.376,490931168.0
2012-03-26,4707.577,421045568.0
2012-03-27,4680.323,439114464.0
2012-03-28,4494.03,570524032.0
2012-03-29,4426.89,495995840.0
2012-03-30,4413.17,397201632.0
2012-04-05,4550.548,563658752.0
2012-04-06,4568.001,430436864.0
2012-04-09,4508.642,400377056.0
2012-04-10,4540.808,445291072.0
2012-04-11,4547.618,489119392.0
2012-04-12,4641.328,656841856.0
2012-04-13,4653.077,635326272.0
2012-04-16,4646.71,456395552.0
2012-04-17,4609.031,535004224.0
2012-04-18,4705.816,687770688.0
2012-04-19,4692.875,623067072.0
2012-04-20,4718.945,729977856.0
2012-04-23,4637.021,846902144.0
2012-04-24,4615.866,931438464.0
2012-04-25,4639.484,790119488.0
2012-04-26,4632.661,751084096.0
2012-04-27,4595.566,589812160.0
2012-05-02,4664.183,696230464.0
2012-05-03,4683.618,577642240.0
2012-05-04,4734.071,573921344.0
2012-05-07,4797.545,702522688.0
2012-05-08,4793.725,641586496.0
2012-05-09,4715.266,665030720.0
2012-05-10,4729.198,569207808.0
2012-05-11,4690.38,538359296.0
2012-05-14,4661.676,561626368.0
2012-05-15,4667.002,508403104.0
2012-05-16,4590.116,409822144.0
2012-05-17,4644.173,435198688.0
2012-05-18,4578.2159999999985,417692448.0
2012-05-21,4599.0329999999985,373467200.0
2012-05-22,4659.647,377748224.0
2012-05-23,4644.541,467132960.0
2012-05-24,4590.736,540821440.0
2012-05-25,4523.627,523795776.0
2012-05-28,4588.632000000001,548484800.0
2012-05-29,4659.941,670431424.0
2012-05-30,4671.344,584386560.0
2012-05-31,4704.385,608833408.0
2012-06-01,4685.314,513094304.0
2012-06-04,4572.316,574854208.0
2012-06-05,4571.436,423375744.0
2012-06-06,4571.78,384297856.0
2012-06-07,4535.86,413081824.0
2012-06-08,4509.492,411318784.0
2012-06-11,4588.099,386175360.0
2012-06-12,4585.558,397520672.0
2012-06-13,4667.655,487518080.0
2012-06-14,4637.416,472593248.0
2012-06-15,4634.758,462117632.0
2012-06-18,4671.338,423644832.0
2012-06-19,4644.274,461899616.0
2012-06-20,4633.906,402474944.0
2012-06-21,4559.5920000000015,401970176.0
2012-06-25,4472.303,450167584.0
2012-06-26,4460.521,379850176.0
2012-06-27,4469.277,389662080.0
2012-06-28,4423.041,402415008.0
2012-06-29,4477.788,479430272.0
2012-07-02,4550.053,510024576.0
2012-07-03,4571.786,521754048.0
2012-07-04,4537.257000000001,464885184.0
2012-07-05,4463.652,422937120.0
2012-07-06,4568.338,523928512.0
2012-07-09,4506.735,585573824.0
2012-07-10,4470.708,425959104.0
2012-07-11,4501.31,414810848.0
2012-07-12,4561.268,568217984.0
2012-07-13,4541.213,473674656.0
2012-07-16,4374.69,633146112.0
2012-07-17,4383.224,426538016.0
2012-07-18,4379.149,459678048.0
2012-07-19,4408.768,527139744.0
2012-07-20,4355.22,567614912.0
2012-07-23,4314.7829999999985,398152000.0
2012-07-24,4366.42,373629312.0
2012-07-25,4350.35,371072064.0
2012-07-26,4318.088,466567520.0
2012-07-27,4289.397,400253312.0
2012-07-30,4223.539000000002,370910080.0
2012-07-31,4178.346,384723840.0
2012-08-01,4235.627,366280736.0
2012-08-02,4207.543,361637312.0
2012-08-03,4288.853,430844288.0
2012-08-06,4389.928,566290496.0
2012-08-07,4436.814,588168256.0
2012-08-08,4415.057,528589472.0
2012-08-09,4493.460999999998,528575360.0
2012-08-10,4484.7959999999985,466445152.0
2012-08-13,4400.036,463874720.0
2012-08-14,4386.773,640148864.0
2012-08-15,4391.307,668917120.0
2012-08-16,4341.416,475442304.0
2012-08-17,4313.291,405954016.0
2012-08-20,4323.201,396343040.0
2012-08-21,4379.267,577236608.0
2012-08-22,4339.826,470897056.0
2012-08-23,4346.282,485367712.0
2012-08-24,4278.333,491317856.0
2012-08-27,4200.152,463176672.0
2012-08-28,4213.317,477846528.0
2012-08-29,4205.267,459707168.0
2012-08-30,4123.26,618482176.0
2012-08-31,4137.804,387307936.0
2012-09-03,4231.87,566534592.0
2012-09-04,4196.081,552225344.0
2012-09-05,4222.161,546266432.0
2012-09-06,4271.565,543290048.0
2012-09-07,4421.368,1046784192.0
2012-09-10,4449.458,853346048.0
2012-09-11,4442.3809999999985,717571136.0
2012-09-12,4461.018,720678528.0
2012-09-13,4399.95,674950848.0
2012-09-14,4401.4540000000015,735250944.0
2012-09-17,4296.959,629613376.0
2012-09-18,4271.308,460039808.0
2012-09-19,4306.742,468238816.0
2012-09-20,4188.482,619885056.0
2012-09-21,4136.485,552575744.0
2012-09-24,4171.4659999999985,399926208.0
2012-09-25,4150.434,320295296.0
2012-09-26,4057.747,422571424.0
2012-09-27,4163.022,513887840.0
2012-09-28,4264.831,602296768.0
2012-10-08,4228.8,406258912.0
2012-10-09,4341.772,604412416.0
2012-10-10,4393.561,689603136.0
2012-10-11,4336.518,584514560.0
2012-10-12,4310.056,549916544.0
2012-10-15,4273.728,536658976.0
2012-10-16,4290.565,432873088.0
2012-10-17,4299.493,433807104.0
2012-10-18,4373.299,573138752.0
2012-10-19,4361.851,449027136.0
2012-10-22,4374.693,521297632.0
2012-10-23,4312.643,500545472.0
2012-10-24,4278.623,412972640.0
2012-10-25,4244.323,524946496.0
2012-10-26,4161.0059999999985,509956192.0
2012-10-29,4172.109,320877696.0
2012-10-30,4159.568,350304768.0
2012-10-31,4177.878,417959712.0
2012-11-01,4247.093,564409024.0
2012-11-02,4237.021,431285856.0
2012-11-05,4202.155,438408832.0
2012-11-06,4176.904,428175488.0
2012-11-07,4175.032,390335552.0
2012-11-08,4074.996,430832864.0
2012-11-09,4054.247,362077728.0
2012-11-12,4053.506,333320992.0
2012-11-13,3973.287,417837856.0
2012-11-14,3980.011,323075008.0
2012-11-15,3929.185,323313600.0
2012-11-16,3906.703,301220864.0
2012-11-19,3900.331,280113696.0
2012-11-20,3891.32,275343264.0
2012-11-21,3922.735,323313920.0
2012-11-22,3871.149,268415600.0
2012-11-23,3878.378,261666528.0
2012-11-26,3817.888,297111616.0
2012-11-27,3723.588,392405824.0
2012-11-28,3656.597,390453856.0
2012-11-29,3632.545,340121376.0
2012-11-30,3678.213,353484960.0
2012-12-03,3590.615,378632672.0
2012-12-04,3639.551,400272608.0
2012-12-05,3780.129,705976384.0
2012-12-06,3758.599,442019712.0
2012-12-07,3826.261,652866496.0
2012-12-10,3883.673,701658816.0
2012-12-11,3853.836,535202944.0
2012-12-12,3848.216,453794016.0
2012-12-13,3808.601,454426784.0
2012-12-14,3962.539,904320448.0
2012-12-17,3950.183,919519040.0
2012-12-18,3943.013,840916672.0
2012-12-19,3976.765,721058240.0
2012-12-20,3981.384,709834880.0
2012-12-21,3993.133,718072576.0
2012-12-24,4019.751,587992128.0
2012-12-25,4105.992,933896128.0
2012-12-26,4169.167,807969536.0
2012-12-27,4145.515,858060736.0
2012-12-28,4191.085999999998,762679936.0
2012-12-31,4236.601,884125376.0
2013-01-04,4172.742,902912768.0
2013-01-07,4205.12,899697472.0
2013-01-08,4270.25,1072133120.0
2013-01-09,4312.19,1066404736.0
2013-01-10,4337.441,1016553984.0
2013-01-11,4272.696,1101950208.0
2013-01-14,4458.102,1224943616.0
2013-01-15,4548.86,1454958720.0
2013-01-16,4554.516,1246692224.0
2013-01-17,4502.453,932169408.0
2013-01-18,4566.372,975360320.0
2013-01-21,4556.991,960222848.0
2013-01-22,4488.15,1046438272.0
2013-01-23,4494.837,820207744.0
2013-01-24,4401.513,1219219200.0
2013-01-25,4399.356,709884352.0
2013-01-28,4489.928,956740672.0
2013-01-29,4524.991,1048536064.0
2013-01-30,4513.246,971987904.0
2013-01-31,4471.132000000001,963934592.0
2013-02-01,4499.345,915888704.0
2013-02-04,4440.9670000000015,1015115584.0
2013-02-05,4507.6590000000015,840656512.0
2013-02-06,4544.562,790082304.0
2013-02-07,4615.927,825816384.0
2013-02-08,4680.385,807555392.0
2013-02-18,4668.71,962725632.0
2013-02-19,4583.081,919801024.0
2013-02-20,4687.991,891306688.0
2013-02-21,4603.359,1046222528.0
2013-02-22,4599.503,780044992.0
2013-02-25,4649.515,719840448.0
2013-02-26,4579.804,914481920.0
2013-02-27,4576.44,760033024.0
2013-02-28,4656.5059999999985,984568320.0
2013-03-01,4706.8290000000015,1045990656.0
2013-03-04,4577.628,1168882432.0
2013-03-05,4708.955,1017771008.0
2013-03-06,4784.667,1201937792.0
2013-03-07,4702.449000000001,1139214336.0
2013-03-08,4647.398,688895360.0
2013-03-11,4671.151,576986176.0
2013-03-12,4548.354,901277440.0
2013-03-13,4518.12,658309120.0
2013-03-14,4564.710999999998,529691456.0
2013-03-15,4578.314,768494784.0
2013-03-18,4511.7959999999985,601499008.0
2013-03-19,4516.68,579928192.0
2013-03-20,4646.1309999999985,767655424.0
2013-03-21,4699.429,715747584.0
2013-03-22,4723.5340000000015,732144512.0
2013-03-25,4730.946,683071232.0
2013-03-26,4711.272,717603584.0
2013-03-27,4704.58,703348928.0
2013-03-28,4610.572,756324288.0
2013-03-29,4614.603,508223104.0
2013-04-01,4611.9,638400832.0
2013-04-02,4498.44,680159552.0
2013-04-03,4478.414000000002,637820672.0
2013-04-08,4538.676,653576384.0
2013-04-09,4570.198,608173184.0
2013-04-10,4549.867,586906432.0
2013-04-11,4519.627,505164672.0
2013-04-12,4497.902,451421248.0
2013-04-15,4437.326,492479744.0
2013-04-16,4489.075,515644448.0
2013-04-17,4561.431,537217344.0
2013-04-18,4571.722,513328000.0
2013-04-19,4658.769,760135872.0
2013-04-22,4692.583,731886144.0
2013-04-23,4561.805,812860160.0
2013-04-24,4665.746,868066496.0
2013-04-25,4573.564,862806272.0
2013-04-26,4481.2040000000015,674805312.0
2013-05-02,4503.339,604834624.0
2013-05-03,4594.76,824958528.0
2013-05-06,4694.289000000002,900102720.0
2013-05-07,4679.17,798808704.0
2013-05-08,4732.106,795430272.0
2013-05-09,4742.627,1035152640.0
2013-05-10,4750.962,956986816.0
2013-05-13,4765.5790000000015,839132032.0
2013-05-14,4710.397,854976192.0
2013-05-15,4804.199000000001,857073024.0
2013-05-16,4853.743,1176989568.0
2013-05-17,4935.7829999999985,1178329728.0
2013-05-20,5021.995,1532868480.0
2013-05-21,5125.657,1500987904.0
2013-05-22,5069.292,1312959616.0
2013-05-23,5067.5790000000015,1235513472.0
2013-05-24,5157.081,1139272448.0
2013-05-27,5194.149,1215872000.0
2013-05-28,5157.453,1232824320.0
2013-05-29,5196.074000000001,1176669952.0
2013-05-30,5198.1579999999985,1147992704.0
2013-05-31,5131.981,1097022464.0
2013-06-03,5069.233,1068855616.0
2013-06-04,4958.832,1065104192.0
2013-06-05,4990.169,829710656.0
2013-06-06,4921.607,828766912.0
2013-06-07,4843.1309999999985,959295488.0
2013-06-13,4719.6190000000015,824181504.0
2013-06-14,4857.517,902430976.0
2013-06-17,4875.242,933157312.0
2013-06-18,4864.483,770297728.0
2013-06-19,4856.445,793632128.0
2013-06-20,4683.806,775886336.0
2013-06-21,4674.715,761345600.0
2013-06-24,4375.602,1012126592.0
2013-06-25,4391.737,1300495232.0
2013-06-26,4536.062,1097209984.0
2013-06-27,4454.261,1084111488.0
2013-06-28,4456.556,879782784.0
2013-07-01,4583.059,839709888.0
2013-07-02,4671.039000000002,941514432.0
2013-07-03,4712.5,1026689472.0
2013-07-04,4701.7170000000015,1093299200.0
2013-07-05,4650.118,940363328.0
2013-07-08,4470.549,902680832.0
2013-07-09,4470.472,648649984.0
2013-07-10,4591.287,845814912.0
2013-07-11,4719.745,1326237184.0
2013-07-12,4691.3290000000015,1102269056.0
2013-07-15,4819.081,1105530240.0
2013-07-16,4882.224,1167280640.0
2013-07-17,4780.898,1132224128.0
2013-07-18,4747.662,947810432.0
2013-07-19,4680.6579999999985,1392616320.0
2013-07-22,4745.645,1072390976.0
2013-07-23,4888.477,1337762688.0
2013-07-24,4921.458,1333879680.0
2013-07-25,4817.642,1209764736.0
2013-07-26,4782.697,943742912.0
2013-07-29,4682.08,977707968.0
2013-07-30,4627.226,902201792.0
2013-07-31,4623.877,852098752.0
2013-08-01,4795.012,1115976448.0
2013-08-02,4825.271,1170567424.0
2013-08-05,4925.771,1061414592.0
2013-08-06,5005.674,1353357312.0
2013-08-07,4935.078,1442561664.0
2013-08-08,4984.287,1132512896.0
2013-08-09,4964.261,1211081856.0
2013-08-12,5023.424,1313605632.0
2013-08-13,5038.907,1038350208.0
2013-08-14,5016.315,1057707840.0
2013-08-15,4939.039000000002,876976576.0
2013-08-16,4808.74,1221157632.0
2013-08-19,4902.771,876466688.0
2013-08-20,4883.639,1018498240.0
2013-08-21,4922.517,1077561600.0
2013-08-22,4933.46,938652352.0
2013-08-23,4951.9,1339201408.0
2013-08-26,5054.601,1218115968.0
2013-08-27,5063.165,1063667648.0
2013-08-28,4982.214,1232578048.0
2013-08-29,4946.651,986033728.0
2013-08-30,4861.338,1223822080.0
2013-09-02,4935.493,946246336.0
2013-09-03,5012.876,1013975744.0
2013-09-04,4993.322,972760256.0
2013-09-05,4994.267,981432704.0
2013-09-06,5014.068,921826240.0
2013-09-09,5049.293,1225010304.0
2013-09-10,5051.371,1311438080.0
2013-09-11,4964.748,1430935680.0
2013-09-12,4975.712,1196952576.0
2013-09-13,5030.854,1066963456.0
2013-09-16,5085.876,1239697536.0
2013-09-17,5028.356,1207017728.0
2013-09-18,5050.697,988473344.0
2013-09-23,5214.925,1263436288.0
2013-09-24,5289.644,1525159808.0
2013-09-25,5223.757000000001,1420446080.0
2013-09-26,5147.114000000001,1330985984.0
2013-09-27,5164.748,1144292096.0
2013-09-30,5234.505,1008616576.0
2013-10-08,5319.485,1331829376.0
2013-10-09,5342.554,1124982912.0
2013-10-10,5344.477,1431164800.0
2013-10-11,5349.934,1337271424.0
2013-10-14,5394.9,1423637248.0
2013-10-15,5338.725,1440145664.0
2013-10-16,5231.053,1365616640.0
2013-10-17,5217.192,1198749440.0
2013-10-18,5255.552,974492672.0
2013-10-21,5392.02,1338715392.0
2013-10-22,5330.766,1583530112.0
2013-10-23,5190.312,1361820160.0
2013-10-24,5155.049,802443968.0
2013-10-25,5011.097,1165647744.0
2013-10-28,4997.733,798228352.0
2013-10-29,4950.525,1446805504.0
2013-10-30,5000.92,978497024.0
2013-10-31,4889.049,1068293248.0
2013-11-01,4864.491,869581312.0
2013-11-04,4902.63,768992896.0
2013-11-05,4977.681,937502592.0
2013-11-06,4921.732,980677568.0
2013-11-07,4854.4,826076608.0
2013-11-08,4788.0,753099520.0
2013-11-11,4836.462,633124928.0
2013-11-12,4857.007000000001,669840448.0
2013-11-13,4773.1590000000015,697807424.0
2013-11-14,4841.897,762861056.0
2013-11-15,4918.3290000000015,1050440640.0
2013-11-18,5012.167,1142900352.0
2013-11-19,5011.497,1028965248.0
2013-11-20,5036.875,874342336.0
2013-11-21,5030.109,1160874752.0
2013-11-22,5001.694,898475584.0
2013-11-25,4971.6190000000015,839600384.0
2013-11-26,4979.065,808442368.0
2013-11-27,5054.4090000000015,970473216.0
2013-11-28,5100.326,1105926912.0
2013-11-29,5121.594,963833920.0
2013-12-02,4874.228,1440080384.0
2013-12-03,4976.495,928246912.0
2013-12-04,5046.012,1123056768.0
2013-12-05,5004.118,922925760.0
2013-12-06,4994.728,825401728.0
2013-12-09,5026.139,773707904.0
2013-12-10,5042.568,993477888.0
2013-12-11,5003.932,826911744.0
2013-12-12,5039.9209999999985,749370496.0
2013-12-13,5052.437,701094848.0
2013-12-16,4971.17,936949376.0
2013-12-17,4949.3409999999985,669479936.0
2013-12-18,4959.818,642394560.0
2013-12-19,4922.082,629183808.0
2013-12-20,4879.132000000001,783220352.0
2013-12-23,4872.979,657252992.0
2013-12-24,4906.8,630468288.0
2013-12-25,4958.753,587504192.0
2013-12-26,4866.793,708734912.0
2013-12-27,4946.525,753379264.0
2013-12-30,4950.1309999999985,777214720.0
2013-12-31,4979.855,712067456.0
2014-01-02,5059.3690000000015,885667072.0
2014-01-03,5068.632000000001,1102094336.0
2014-01-06,4950.747,979491328.0
2014-01-07,4988.5,875411136.0
2014-01-08,5019.879,1052608704.0
2014-01-09,4944.613,1046722944.0
2014-01-10,4860.31,836504832.0
2014-01-13,4828.985,791543424.0
2014-01-14,4901.99,838600896.0
2014-01-15,4962.507000000001,913583360.0
2014-01-16,4931.816,916452736.0
2014-01-17,4866.125,791326784.0
2014-01-20,4816.953,801809408.0
2014-01-21,4873.892,858931712.0
2014-01-22,4985.267,1210411520.0
2014-01-23,5020.456,1193667072.0
2014-01-24,5103.4209999999985,1320984320.0
2014-01-27,5082.949000000001,1275601152.0
2014-01-28,5046.239000000001,1034122112.0
2014-01-29,5086.288,997492096.0
2014-01-30,5030.201,875256704.0
2014-02-07,5111.6190000000015,986096768.0
2014-02-10,5292.074000000001,1529536640.0
2014-02-11,5268.298000000002,1572674432.0
2014-02-12,5327.761,1389378304.0
2014-02-13,5254.308000000001,1381978624.0
2014-02-14,5330.344,1171697792.0
2014-02-17,5412.611,1519039744.0
2014-02-18,5386.633000000002,1660012544.0
2014-02-19,5413.601,1648333184.0
2014-02-20,5300.111,1437213056.0
2014-02-21,5280.108,1045328064.0
2014-02-24,5265.81,1149780224.0
2014-02-25,5046.866,1590260480.0
2014-02-26,5059.19,1141051520.0
2014-02-27,4941.468,1242160640.0
2014-02-28,5029.196,1155229824.0
2014-03-03,5098.202,1141601152.0
2014-03-04,5049.987,1054826240.0
2014-03-05,5044.415,1044366784.0
2014-03-06,5021.316,1063825024.0
2014-03-07,4995.105,1017816704.0
2014-03-10,4818.26,1124455680.0
2014-03-11,4813.807,972156352.0
2014-03-12,4792.523,1175286272.0
2014-03-13,4863.887,869042944.0
2014-03-14,4834.753,736637568.0
2014-03-17,4919.845,809510784.0
2014-03-18,4932.344,908835008.0
2014-03-19,4859.599,1014919360.0
2014-03-20,4708.723,1015179712.0
2014-03-21,4801.261,1064496064.0
2014-03-24,4786.353,953216128.0
2014-03-25,4779.607,951223808.0
2014-03-26,4810.629,765148800.0
2014-03-27,4713.444,870260480.0
2014-03-28,4610.323,818310656.0
2014-03-31,4595.016,644303168.0
2014-04-01,4678.19,630759168.0
2014-04-02,4684.207,727485760.0
2014-04-03,4701.689,702926592.0
2014-04-04,4761.042,668075584.0
2014-04-08,4809.482,865674048.0
2014-04-09,4844.382000000001,787651008.0
2014-04-10,4861.79,937911808.0
2014-04-11,4830.511,871268416.0
2014-04-14,4854.643,788255232.0
2014-04-15,4804.718,780952448.0
2014-04-16,4799.907,613761600.0
2014-04-17,4817.315,696866560.0
2014-04-18,4824.031,672500480.0
2014-04-21,4752.892,835170496.0
2014-04-22,4726.444,804063936.0
2014-04-23,4728.1579999999985,568487872.0
2014-04-24,4669.262,594815488.0
2014-04-25,4584.175,685213376.0
2014-04-28,4478.168,765057856.0
2014-04-29,4528.599,568157632.0
2014-04-30,4552.266,487279424.0
2014-05-05,4598.168,540722240.0
2014-05-06,4645.01,683933504.0
2014-05-07,4558.12,612352576.0
2014-05-08,4541.251,624441536.0
2014-05-09,4496.458,641233536.0
2014-05-12,4610.824000000001,906433408.0
2014-05-13,4600.149,773363328.0
2014-05-14,4603.157,562244096.0
2014-05-15,4503.607,613617536.0
2014-05-16,4499.775,606444672.0
2014-05-19,4465.449000000001,461220096.0
2014-05-20,4479.8,542749376.0
2014-05-21,4537.455,591072384.0
2014-05-22,4537.197,739048448.0
2014-05-23,4584.83,716583296.0
2014-05-26,4626.206,883926016.0
2014-05-27,4610.845,709383872.0
2014-05-28,4688.578,964300800.0
2014-05-29,4635.399,837524160.0
2014-05-30,4651.803,807160640.0
2014-06-03,4655.33,671802944.0
2014-06-04,4595.688,690479360.0
2014-06-05,4645.286,617981824.0
2014-06-06,4652.06,807723328.0
2014-06-09,4622.083,865041024.0
2014-06-10,4691.189,888142400.0
2014-06-11,4706.57,806834304.0
2014-06-12,4693.72,833873152.0
2014-06-13,4745.714,991575616.0
2014-06-16,4781.891,928292480.0
2014-06-17,4728.663,875361024.0
2014-06-18,4706.47,897248960.0
2014-06-19,4583.366,873650752.0
2014-06-20,4631.572,742668224.0
2014-06-23,4671.123,758756672.0
2014-06-24,4696.489000000001,711884096.0
2014-06-25,4662.862,655989632.0
2014-06-26,4731.819,841098944.0
2014-06-27,4740.34,961469440.0
2014-06-30,4794.715,1038757312.0
2014-07-01,4830.739000000001,1087293440.0
2014-07-02,4844.403,1112138496.0
2014-07-03,4860.904,1076487808.0
2014-07-04,4845.651,930273536.0
2014-07-07,4822.628,912016384.0
2014-07-08,4846.974,985916480.0
2014-07-09,4749.739000000001,1114892544.0
2014-07-10,4697.569,1001115648.0
2014-07-11,4712.544,943399744.0
2014-07-14,4752.607,1071891840.0
2014-07-15,4748.45,1123901952.0
2014-07-16,4706.241,929253184.0
2014-07-17,4667.88,722430528.0
2014-07-18,4669.831,765256704.0
2014-07-21,4683.734,809073024.0
2014-07-22,4731.044,902318528.0
2014-07-23,4693.426,968624512.0
2014-07-24,4666.43,1252182144.0
2014-07-25,4713.948,1043141440.0
2014-07-28,4816.367,1752494336.0
2014-07-29,4892.173,1734072704.0
2014-07-30,4915.3690000000015,1350729600.0
2014-07-31,4950.719,1276814592.0
2014-08-01,4889.853,1323497216.0
2014-08-04,4949.502,1079814016.0
2014-08-05,4989.396,1369657600.0
2014-08-06,5020.482,1378527488.0
2014-08-07,4969.083,1285875200.0
2014-08-08,4994.1709999999985,1051480064.0
2014-08-11,5065.893,1218817024.0
2014-08-12,5082.398,1259202432.0
2014-08-13,5078.179,1300527488.0
2014-08-14,5038.027,1321399424.0
2014-08-15,5106.475,1360714368.0
2014-08-18,5187.89,1574111488.0
2014-08-19,5206.456,1584158848.0
2014-08-20,5212.298,1564280832.0
2014-08-21,5224.582,1439866624.0
2014-08-22,5257.8809999999985,1348002176.0
2014-08-25,5224.191,1397084288.0
2014-08-26,5150.575,1466066176.0
2014-08-27,5193.899,1122277248.0
2014-08-28,5135.3420000000015,1145162112.0
2014-08-29,5203.026,959157376.0
2014-09-01,5290.366,1302565632.0
2014-09-02,5349.623000000001,1644777984.0
2014-09-03,5391.292,1707194752.0
2014-09-04,5427.9,1640884480.0
2014-09-05,5449.023,1818281472.0
2014-09-09,5475.102,1610679168.0
2014-09-10,5478.795,1662242176.0
2014-09-11,5458.445,2123391360.0
2014-09-12,5510.354,1708827776.0
2014-09-15,5552.701999999998,1945999104.0
2014-09-16,5339.49,2216865536.0
2014-09-17,5377.786999999998,1751535104.0
2014-09-18,5398.323,1419207296.0
2014-09-19,5440.257,1282115200.0
2014-09-22,5358.458000000001,1348761984.0
2014-09-23,5420.465,1323933824.0
2014-09-24,5480.562,1504098944.0
2014-09-25,5489.715,1889357184.0
2014-09-26,5509.826,1450167936.0
2014-09-29,5564.706,1613772672.0
2014-09-30,5604.8,1480502144.0
2014-10-08,5666.821999999999,1774076800.0
2014-10-09,5676.318,1870140032.0
2014-10-10,5640.934,1649104768.0
2014-10-13,5600.071999999999,1450420608.0
2014-10-14,5577.213000000002,1438006656.0
2014-10-15,5611.542,1445745536.0
2014-10-16,5525.425,1690330368.0
2014-10-17,5479.347,1495269888.0
2014-10-20,5555.4659999999985,1125089920.0
2014-10-21,5517.563,1126098304.0
2014-10-22,5469.073,1086326144.0
2014-10-23,5402.805,1093562112.0
2014-10-24,5410.856,878632576.0
2014-10-27,5440.906,858185472.0
2014-10-28,5539.438,1178858880.0
2014-10-29,5575.705,1628456576.0
2014-10-30,5568.535,1543493888.0
2014-10-31,5557.576999999998,1641358848.0
2014-11-03,5575.4659999999985,1350282368.0
2014-11-04,5523.68,1483943168.0
2014-11-05,5514.6219999999985,1361500544.0
2014-11-06,5549.176,1279283200.0
2014-11-07,5495.866,1700020224.0
2014-11-10,5533.825,1409767040.0
2014-11-11,5370.031999999998,1945978112.0
2014-11-12,5421.58,1159317632.0
2014-11-13,5314.681,1452038144.0
2014-11-14,5324.227,1217997440.0
2014-11-17,5382.963000000002,1220301184.0
2014-11-18,5389.135,1039654848.0
2014-11-19,5418.177,1340613248.0
2014-11-20,5381.925,1049188800.0
2014-11-21,5425.351,1216915200.0
2014-11-24,5475.699000000001,1933617920.0
2014-11-25,5574.098000000001,1874346496.0
2014-11-26,5581.571999999999,1923846528.0
2014-11-27,5598.882,2135208832.0
2014-11-28,5587.196,2327746560.0
2014-12-01,5554.36,2067639552.0
2014-12-02,5614.748000000001,1902731264.0
2014-12-03,5697.798000000002,2906341120.0
2014-12-04,5813.0909999999985,2794098176.0
2014-12-05,5697.714,3084567552.0
2014-12-08,5713.9209999999985,2649818880.0
2014-12-09,5488.9969999999985,3361703680.0
2014-12-10,5701.7469999999985,2620333056.0
2014-12-11,5726.451999999998,2306046208.0
2014-12-12,5778.594,2112255872.0
2014-12-15,5882.182,2310141696.0
2014-12-16,5850.281999999998,2104371840.0
2014-12-17,5793.111,2371162112.0
2014-12-18,5760.814,1974208128.0
2014-12-19,5668.147,1908365056.0
2014-12-22,5453.219,2122295168.0
2014-12-23,5386.001,1425906560.0
2014-12-24,5453.278,1371568000.0
2014-12-25,5518.834,1266646528.0
2014-12-26,5565.614000000001,1532353792.0
2014-12-29,5498.047,1878725760.0
2014-12-30,5391.388000000001,1609262592.0
2014-12-31,5461.191,1528238080.0
2015-01-05,5589.7840000000015,2086840832.0
2015-01-06,5705.732,2074199680.0
2015-01-07,5663.687,1613689984.0
2015-01-08,5674.312,1690144384.0
2015-01-09,5667.031,1808973568.0
2015-01-12,5679.931,1400489472.0
2015-01-13,5825.688,1682706432.0
2015-01-14,5784.224,1463287680.0
2015-01-15,5790.74,1193564416.0
2015-01-16,5890.847,1744671360.0
2015-01-19,5743.571,2209057536.0
2015-01-20,5960.639,2226131968.0
2015-01-21,6081.2840000000015,2463769600.0
2015-01-22,6147.437,2238319616.0
2015-01-23,6056.395,1951857152.0
2015-01-26,6206.111999999999,2120428544.0
2015-01-27,6236.174,2422696192.0
2015-01-28,6166.513000000001,1912729344.0
2015-01-29,6138.394,1795956992.0
2015-01-30,6046.61,1550177920.0
2015-02-02,6022.818,1386805120.0
2015-02-03,6190.701999999998,1792419072.0
2015-02-04,6164.861999999999,1970463104.0
2015-02-05,6151.99,2151898624.0
2015-02-06,6025.346,1665374592.0
2015-02-09,5994.960999999998,1399002112.0
2015-02-10,6141.679,1317454464.0
2015-02-11,6224.941,1476986112.0
2015-02-12,6259.5340000000015,1470820352.0
2015-02-13,6358.960999999998,2007923328.0
2015-02-16,6546.481,2036065536.0
2015-02-17,6568.066999999999,1664883200.0
2015-02-25,6516.074000000001,1706233984.0
2015-02-26,6568.736,1693761280.0
2015-02-27,6630.63,1887944320.0
2015-03-02,6738.643,2499672576.0
2015-03-03,6645.018,2636152320.0
2015-03-04,6764.725,2198622976.0
2015-03-05,6802.252,2201223168.0
2015-03-06,6640.891,1949212672.0
2015-03-09,6736.91,1788034688.0
2015-03-10,6870.968000000002,2279809024.0
2015-03-11,6841.922,2009998464.0
2015-03-12,6830.313,2351643904.0
2015-03-13,6932.042,2105896832.0
2015-03-16,7193.21,2974846208.0
2015-03-17,7221.133000000002,3056231936.0
2015-03-18,7358.887,3040803072.0
2015-03-19,7373.491999999998,2772885760.0
2015-03-20,7423.805,2972783616.0
2015-03-23,7671.223000000001,3324927744.0
2015-03-24,7765.888000000001,3730412800.0
2015-03-25,7900.501999999998,3653750016.0
2015-03-26,7748.861999999999,3216246272.0
2015-03-27,7877.509,2425973760.0
2015-03-30,7945.118,2775808768.0
2015-03-31,8005.861,3170743552.0
2015-04-01,8233.141,2972067328.0
2015-04-02,8384.183,3284297216.0
2015-04-03,8476.135,2921469696.0
2015-04-07,8596.269,2924817152.0
2015-04-08,8428.139000000001,3237885952.0
2015-04-09,8280.244,3179935744.0
2015-04-10,8519.187,2641426944.0
2015-04-13,8715.115,2992815360.0
2015-04-14,8663.161,2857268224.0
2015-04-15,8340.269,2604633344.0
2015-04-16,8450.194,2348246784.0
2015-04-17,8442.205,2632636160.0
2015-04-20,8214.044,2876768512.0
2015-04-21,8532.519,2611238912.0
2015-04-22,8775.934000000001,3111149824.0
2015-04-23,8886.079,3487358464.0
2015-04-24,8889.791,3259089408.0
2015-04-27,8935.338,3035921152.0
2015-04-28,8637.195,3071396352.0
2015-04-29,8798.153,2383462400.0
2015-04-30,8777.176,2394171136.0
2015-05-04,8812.721,2343205376.0
2015-05-05,8570.619,2605526016.0
2015-05-06,8615.402,2661520384.0
2015-05-07,8542.094000000001,2432027136.0
2015-05-08,8937.735999999999,2983917312.0
2015-05-11,9404.142,3726343680.0
2015-05-12,9597.214,4030232320.0
2015-05-13,9725.186,4115887616.0
2015-05-14,9706.707,3247315200.0
2015-05-15,9632.983,3096604160.0
2015-05-18,9929.348,3116559616.0
2015-05-19,10196.282,3291564288.0
2015-05-20,10387.252,3986192384.0
2015-05-21,10856.31,3731762176.0
2015-05-22,10929.201000000001,4027159296.0
2015-05-25,11140.945,3791537664.0
2015-05-26,11564.428,4105794560.0
2015-05-27,11580.686000000002,3990145024.0
2015-05-28,10851.555,4498742784.0
2015-05-29,10972.107,3458355968.0
2015-06-01,11500.139,3034582528.0
2015-06-02,11896.232,3455358976.0
2015-06-03,11788.458999999999,3351601920.0
2015-06-04,11678.815,3249198080.0
2015-06-05,11718.204,3606461952.0
2015-06-08,11530.77,3519200000.0
2015-06-09,11503.858,2946218752.0
2015-06-10,11746.203000000001,3221063680.0
2015-06-11,11934.713,3548384512.0
2015-06-12,11996.52,3383053312.0
2015-06-15,11702.627,3686608384.0
2015-06-16,11230.714,3281494272.0
2015-06-17,11385.381000000001,2728882432.0
2015-06-18,10897.676000000001,2516106752.0
2015-06-19,10273.54,2520714496.0
2015-06-23,10462.947,2726329856.0
2015-06-24,10585.61,2813742336.0
2015-06-25,10160.601,2895270656.0
2015-06-26,9306.016,2645405952.0
2015-06-29,8690.817,3425633024.0
2015-06-30,9232.476999999999,4088745472.0
2015-07-01,8879.517,4049513472.0
2015-07-02,8440.759,3634310144.0
2015-07-03,8068.065,3594909696.0
2015-07-06,8028.182,4604651008.0
2015-07-07,7531.184,3140691200.0
2015-07-08,7427.092,4116538624.0
2015-07-09,7677.2119999999995,1643148672.0
2015-07-10,8001.471,1568442496.0
2015-07-13,8390.793,2617361664.0
2015-07-14,8555.756,3197624320.0
2015-07-15,8117.238,3742038016.0
2015-07-16,8277.098,3384527360.0
2015-07-17,8742.146999999999,3187582976.0
2015-07-20,8744.167,2469064578.0
